{
    "cam": {
        "D": [
            -0.074472,
            0.239406,
            0.00145,
            0.002892,
            0.0
        ],
        "K": [
            [
                2371.323077,
                0.0,
                763.881984
            ],
            [
                0.0,
                2371.408899,
                576.72008
            ],
            [
                0.0,
                0.0,
                1.0
            ]
        ]
    },
    "lidar_pose": "descend",
    "pc": {
        "PerspectiveParams": [
            -9.524364,
            -1.442703,
            5.006819,
            0.262149,
            -0.014307,
            0.964921
        ],
        "filter": {
            "angle_start": 351.0,
            "angle_size": 25.0,
            "min_distance": 0.0,
            "max_distance": 14.8,
            "ceil_gap": 0.7,
            "floor_gap": 0.6,
            "min_distance_threshold": 5,
            "max_distance_threshold": 15,
            "max_ceil_gap": 10.0,
            "max_floor_gap": 5
        },
        "plane": {
            "distance_threshold": 0.06,
            "point_num_min": 20
        }
    },
    "size": 4,
    "tag_size": [
        0.89,
        1.2,
        0.05
    ],
    "tf": [
        [
            0.00565223255781389,
            -0.999935923175628,
            0.00980825213876119,
            -0.0544412647199042
        ],
        [
            -0.0107242645535188,
            -0.00986845884183873,
            -0.999893796195312,
            -0.0812758186308639
        ],
        [
            0.999926518508685,
            0.00554644597846771,
            -0.0107793562010636,
            -0.0236456640939062
        ],
        [
            0.0,
            0.0,
            0.0,
            1.0
        ]
    ]
}