{
    "cam": {
        "D": [
            0,
            0,
            0,
            0,
            0
        ],
        "K": [
            [
                1624.73364874076,
                0.0,
                640.5
            ],
            [
                0.0,
                1624.73364874076,
                480.5
            ],
            [
                0,
                0,
                1
            ]
        ]
    },
    "lidar_pose": "descend",
    "pc": {
        "PerspectiveParams": [
            -9.524364,
            -1.442703,
            5.006819,
            0.262149,
            -0.014307,
            0.964921
        ],
        "filter": {
            "angle_start": 332.0,
            "angle_size": 60.0,
            "min_distance": 0.0,
            "max_distance": 11.9,
            "ceil_gap": 1.0,
            "floor_gap": 0.3,
            "min_distance_threshold": 5,
            "max_distance_threshold": 15,
            "max_ceil_gap": 10.0,
            "max_floor_gap": 5
        },
        "plane": {
            "distance_threshold": 0.06,
            "point_num_min": 20
        }
    },
    "size": 4,
    "tag_size": [
        1,
        1,
        0.05
    ],
    "tf": [
        [
            0.00306090220156097,
            -0.99999312419211,
            0.00209342929569001,
            0.0889360223708932
        ],
        [
            -9.51103254770436e-05,
            -0.00209373021721837,
            -0.99999780362149,
            -0.399934888458563
        ],
        [
            0.999995310904876,
            0.00306069637191969,
            -0.000101518374948206,
            -0.79491805350172
        ],
        [
            0.0,
            0.0,
            0.0,
            1.0
        ]
    ]
}